{"name":"9794611e-ddfb-4782-a63f-467acf2d3d56","id":"/providers/Microsoft.Flow/flows/9794611e-ddfb-4782-a63f-467acf2d3d56","type":"Microsoft.Flow/flows","properties":{"apiId":"/providers/Microsoft.PowerApps/apis/shared_logicflows","displayName":"ReadGroup","definition":{"metadata":{"workflowEntityId":null,"creator":{"id":"01e85e29-76e5-4d02-a3b0-7137f6328d59","type":"User","tenantId":"e7b91e5f-892b-43d4-a340-2f4afeda27ed"},"provisioningMethod":"FromDefinition","failureAlertSubscription":true,"clientLastModifiedTime":"2019-07-05T12:49:38.8522388Z"},"$schema":"https://schema.management.azure.com/providers/Microsoft.Logic/schemas/2016-06-01/workflowdefinition.json#","contentVersion":"1.0.0.0","parameters":{"$authentication":{"defaultValue":{},"type":"SecureObject"}},"triggers":{"manual":{"type":"Request","kind":"PowerApp","inputs":{"schema":{"type":"object","required":["HTTP_URI"],"properties":{"HTTP_URI":{"type":"string","format":"uri","description":"Enter request URL. This parameter is used as part of \"2692B1D3-FFC2-4DFE-AC88-1E8491E3AC9B\"","x-ms-powerflows-param-ispartial":true}}}}}},"actions":{"Initialize_Tenant":{"runAfter":{},"type":"InitializeVariable","inputs":{"variables":[{"name":"Tenant","type":"String","value":"e7b91e5f-892b-43d4-a340-2f4afeda27ed"}]}},"Initialize_ClientID":{"runAfter":{"Initialize_Tenant":["Succeeded"]},"type":"InitializeVariable","inputs":{"variables":[{"name":"ClientID","type":"String","value":"854240b2-97e5-48ab-b9ec-8a10b16f9a1e"}]}},"Initialize_Secret":{"runAfter":{"Initialize_ClientID":["Succeeded"]},"type":"InitializeVariable","inputs":{"variables":[{"name":"Secret","type":"String","value":"aaDRqKF44BYUFDpSJnXK7owO7Pqn9vhEMBbUXoJxh5o="}]}},"HTTP":{"runAfter":{"Initialize_Secret":["Succeeded"]},"type":"Http","inputs":{"method":"GET","uri":"https://graph.microsoft.com/v1.0/groups/@{triggerBody()['HTTP_URI']}","authentication":{"type":"ActiveDirectoryOAuth","authority":"https://login.microsoftonline.com","tenant":"@variables('Tenant')","audience":"https://graph.microsoft.com","clientId":"@variables('ClientID')","secret":"@variables('Secret')"}}},"Parse_JSON":{"runAfter":{"HTTP":["Succeeded","Failed"]},"type":"ParseJson","inputs":{"content":"@body('HTTP')","schema":{"type":"object","properties":{"@@odata.context":{"type":"string"},"id":{"type":"string"},"deletedDateTime":{},"classification":{},"createdDateTime":{"type":"string"},"creationOptions":{"type":"array"},"description":{"type":"string"},"displayName":{"type":"string"},"groupTypes":{"type":"array","items":{"type":"string"}},"mail":{"type":"string"},"mailEnabled":{"type":"boolean"},"mailNickname":{"type":"string"},"onPremisesLastSyncDateTime":{},"onPremisesSecurityIdentifier":{},"onPremisesSyncEnabled":{},"preferredDataLocation":{},"proxyAddresses":{"type":"array","items":{"type":"string"}},"renewedDateTime":{"type":"string"},"resourceBehaviorOptions":{"type":"array"},"resourceProvisioningOptions":{"type":"array","items":{"type":"string"}},"securityEnabled":{"type":"boolean"},"visibility":{"type":"string"},"onPremisesProvisioningErrors":{"type":"array"}}}}},"Parse_JSON_2":{"runAfter":{"HTTP":["Succeeded"]},"type":"ParseJson","inputs":{"content":"@body('HTTP')","schema":{"type":"object","properties":{"@@odata.context":{"type":"string"},"id":{"type":"string"},"deletedDateTime":{},"classification":{},"createdDateTime":{"type":"string"},"creationOptions":{"type":"array"},"description":{},"displayName":{"type":"string"},"groupTypes":{"type":"array"},"mail":{"type":"string"},"mailEnabled":{"type":"boolean"},"mailNickname":{"type":"string"},"onPremisesLastSyncDateTime":{},"onPremisesSecurityIdentifier":{},"onPremisesSyncEnabled":{},"preferredDataLocation":{},"proxyAddresses":{"type":"array","items":{"type":"string"}},"renewedDateTime":{"type":"string"},"resourceBehaviorOptions":{"type":"array"},"resourceProvisioningOptions":{"type":"array"},"securityEnabled":{"type":"boolean"},"visibility":{},"onPremisesProvisioningErrors":{"type":"array"}}}}},"Parse_JSON_3":{"runAfter":{"HTTP":["Succeeded"]},"type":"ParseJson","inputs":{"content":"@body('HTTP')","schema":{"type":"object","properties":{"@@odata.context":{"type":"string"},"id":{"type":"string"},"deletedDateTime":{},"classification":{},"createdDateTime":{"type":"string"},"creationOptions":{"type":"array"},"description":{"type":"string"},"displayName":{"type":"string"},"groupTypes":{"type":"array"},"mail":{},"mailEnabled":{"type":"boolean"},"mailNickname":{"type":"string"},"onPremisesLastSyncDateTime":{},"onPremisesSecurityIdentifier":{},"onPremisesSyncEnabled":{},"preferredDataLocation":{},"proxyAddresses":{"type":"array"},"renewedDateTime":{"type":"string"},"resourceBehaviorOptions":{"type":"array"},"resourceProvisioningOptions":{"type":"array"},"securityEnabled":{"type":"boolean"},"visibility":{},"onPremisesProvisioningErrors":{"type":"array"}}}}},"Respond_to_PowerApps_3":{"runAfter":{"Parse_JSON_3":["Succeeded"]},"type":"Response","kind":"PowerApp","inputs":{"statusCode":200,"body":{"displayname":"@body('Parse_JSON_3')?['displayName']","courriel":"@body('Parse_JSON_3')?['mailNickname']"},"schema":{"type":"object","properties":{"displayname":{"title":"displayName","type":"string","x-ms-dynamically-added":true},"courriel":{"title":"courriel","type":"string","x-ms-dynamically-added":true}}}}},"Respond_to_PowerApps_2":{"runAfter":{"Parse_JSON_2":["Succeeded"]},"type":"Response","kind":"PowerApp","inputs":{"statusCode":200,"body":{"displayname":"@body('Parse_JSON_2')?['displayName']","courriel":"@body('Parse_JSON_2')?['mail']"},"schema":{"type":"object","properties":{"displayname":{"title":"displayName","type":"string","x-ms-dynamically-added":true},"courriel":{"title":"courriel","type":"string","x-ms-dynamically-added":true}}}}},"Respond_to_PowerApps":{"runAfter":{"Parse_JSON":["Succeeded"]},"type":"Response","kind":"PowerApp","inputs":{"statusCode":200,"body":{"displayname":"@body('Parse_JSON')?['displayName']","courriel":"@body('Parse_JSON')?['mail']"},"schema":{"type":"object","properties":{"displayname":{"title":"displayName","type":"string","x-ms-dynamically-added":true},"courriel":{"title":"courriel","type":"string","x-ms-dynamically-added":true}}}}}},"outputs":{}},"connectionReferences":{},"flowFailureAlertSubscribed":false}}