{"name":"4dcde9d7-3668-4f25-b86d-b008c8729b31","id":"/providers/Microsoft.Flow/flows/4dcde9d7-3668-4f25-b86d-b008c8729b31","type":"Microsoft.Flow/flows","properties":{"apiId":"/providers/Microsoft.PowerApps/apis/shared_logicflows","displayName":"ReadGuests","definition":{"metadata":{"workflowEntityId":null,"creator":{"id":"01e85e29-76e5-4d02-a3b0-7137f6328d59","type":"User","tenantId":"e7b91e5f-892b-43d4-a340-2f4afeda27ed"},"provisioningMethod":"FromDefinition","failureAlertSubscription":true,"clientLastModifiedTime":"2019-06-29T08:31:58.796573Z"},"$schema":"https://schema.management.azure.com/providers/Microsoft.Logic/schemas/2016-06-01/workflowdefinition.json#","contentVersion":"1.0.0.0","parameters":{"$authentication":{"defaultValue":{},"type":"SecureObject"}},"triggers":{"manual":{"type":"Request","kind":"PowerApp","inputs":{"schema":{"type":"object","required":[],"properties":{}}}}},"actions":{"Initialize_Tenant":{"runAfter":{},"type":"InitializeVariable","inputs":{"variables":[{"name":"Tenant","type":"String","value":"e7b91e5f-892b-43d4-a340-2f4afeda27ed"}]}},"Initialize_ClientID":{"runAfter":{"Initialize_Tenant":["Succeeded"]},"type":"InitializeVariable","inputs":{"variables":[{"name":"ClientID","type":"String","value":"854240b2-97e5-48ab-b9ec-8a10b16f9a1e"}]}},"Initialize_Secret":{"runAfter":{"Initialize_ClientID":["Succeeded"]},"type":"InitializeVariable","inputs":{"variables":[{"name":"Secret","type":"String","value":"aaDRqKF44BYUFDpSJnXK7owO7Pqn9vhEMBbUXoJxh5o="}]}},"HTTP":{"runAfter":{"Initialize_Secret":["Succeeded"]},"type":"Http","inputs":{"method":"GET","uri":"https://graph.microsoft.com/beta/users","queries":{"filter":"userType eq 'Guest'"},"authentication":{"type":"ActiveDirectoryOAuth","authority":"https://login.microsoftonline.com","tenant":"@variables('Tenant')","audience":"https://graph.microsoft.com","clientId":"@variables('ClientID')","secret":"@variables('Secret')"}}},"Respond_to_PowerApps":{"runAfter":{"HTTP":["Succeeded"]},"type":"Response","kind":"PowerApp","inputs":{"statusCode":200,"body":{"retour":"@{body('HTTP')}"},"schema":{"type":"object","properties":{"retour":{"title":"retour","type":"string","x-ms-dynamically-added":true}}}}}},"outputs":{}},"connectionReferences":{},"flowFailureAlertSubscribed":false}}