{"name":"ac1dabe3-3fb5-46f2-861f-2eb8974d9624","id":"/providers/Microsoft.Flow/flows/ac1dabe3-3fb5-46f2-861f-2eb8974d9624","type":"Microsoft.Flow/flows","properties":{"apiId":"/providers/Microsoft.PowerApps/apis/shared_logicflows","displayName":"ReadGuest","definition":{"metadata":{"workflowEntityId":null,"creator":{"id":"01e85e29-76e5-4d02-a3b0-7137f6328d59","type":"User","tenantId":"e7b91e5f-892b-43d4-a340-2f4afeda27ed"},"provisioningMethod":"FromDefinition","failureAlertSubscription":true,"clientLastModifiedTime":"2019-07-05T12:42:26.9722479Z"},"$schema":"https://schema.management.azure.com/providers/Microsoft.Logic/schemas/2016-06-01/workflowdefinition.json#","contentVersion":"1.0.0.0","parameters":{"$authentication":{"defaultValue":{},"type":"SecureObject"}},"triggers":{"manual":{"type":"Request","kind":"PowerApp","inputs":{"schema":{"type":"object","required":["HTTP_URI"],"properties":{"HTTP_URI":{"type":"string","format":"uri","description":"Enter request URL. This parameter is used as part of \"42202186-BEC9-44A1-A809-1E56F14BAB9C\"","x-ms-powerflows-param-ispartial":true}}}}}},"actions":{"Initialize_Tenant":{"runAfter":{},"type":"InitializeVariable","inputs":{"variables":[{"name":"Tenant","type":"String","value":"e7b91e5f-892b-43d4-a340-2f4afeda27ed"}]}},"Initialize_ClientID":{"runAfter":{"Initialize_Tenant":["Succeeded"]},"type":"InitializeVariable","inputs":{"variables":[{"name":"ClientID","type":"String","value":"854240b2-97e5-48ab-b9ec-8a10b16f9a1e"}]}},"Initialize_Secret":{"runAfter":{"Initialize_ClientID":["Succeeded"]},"type":"InitializeVariable","inputs":{"variables":[{"name":"Secret","type":"String","value":"aaDRqKF44BYUFDpSJnXK7owO7Pqn9vhEMBbUXoJxh5o="}]}},"HTTP":{"runAfter":{"Initialize_Secret":["Succeeded"]},"type":"Http","inputs":{"method":"GET","uri":"https://graph.microsoft.com/beta/users/@{triggerBody()['HTTP_URI']}","authentication":{"type":"ActiveDirectoryOAuth","authority":"https://login.microsoftonline.com","tenant":"@variables('Tenant')","audience":"https://graph.microsoft.com","clientId":"@variables('ClientID')","secret":"@variables('Secret')"}}},"Parse_JSON":{"runAfter":{"HTTP":["Succeeded"]},"type":"ParseJson","inputs":{"content":"@body('HTTP')","schema":{"type":"object","properties":{"@@odata.context":{"type":"string"},"id":{"type":"string"},"deletedDateTime":{},"accountEnabled":{"type":"boolean"},"ageGroup":{},"businessPhones":{"type":"array"},"city":{"type":"string"},"createdDateTime":{"type":"string"},"companyName":{},"consentProvidedForMinor":{},"country":{},"department":{},"displayName":{"type":"string"},"employeeId":{"type":"string"},"faxNumber":{},"givenName":{"type":"string"},"imAddresses":{"type":"array"},"isResourceAccount":{},"jobTitle":{},"legalAgeGroupClassification":{},"mail":{"type":"string"},"mailNickname":{"type":"string"},"mobilePhone":{"type":"string"},"onPremisesDistinguishedName":{},"officeLocation":{"type":"string"},"onPremisesDomainName":{},"onPremisesImmutableId":{},"onPremisesLastSyncDateTime":{},"onPremisesSecurityIdentifier":{},"onPremisesSamAccountName":{},"onPremisesSyncEnabled":{},"onPremisesUserPrincipalName":{},"otherMails":{"type":"array","items":{"type":"string"}},"passwordPolicies":{},"passwordProfile":{},"postalCode":{"type":"string"},"preferredDataLocation":{},"preferredLanguage":{},"proxyAddresses":{"type":"array"},"refreshTokensValidFromDateTime":{"type":"string"},"showInAddressList":{"type":"boolean"},"signInSessionsValidFromDateTime":{"type":"string"},"state":{},"streetAddress":{"type":"string"},"surname":{"type":"string"},"usageLocation":{},"userPrincipalName":{"type":"string"},"externalUserState":{"type":"string"},"externalUserStateChangeDateTime":{"type":"string"},"userType":{"type":"string"},"assignedLicenses":{"type":"array"},"assignedPlans":{"type":"array"},"deviceKeys":{"type":"array"},"onPremisesExtensionAttributes":{"type":"object","properties":{"extensionAttribute1":{},"extensionAttribute2":{},"extensionAttribute3":{},"extensionAttribute4":{},"extensionAttribute5":{},"extensionAttribute6":{},"extensionAttribute7":{},"extensionAttribute8":{},"extensionAttribute9":{},"extensionAttribute10":{},"extensionAttribute11":{},"extensionAttribute12":{},"extensionAttribute13":{},"extensionAttribute14":{},"extensionAttribute15":{}}},"onPremisesProvisioningErrors":{"type":"array"},"provisionedPlans":{"type":"array"}}}}},"Respond_to_PowerApps":{"runAfter":{"Parse_JSON":["Succeeded"]},"type":"Response","kind":"PowerApp","inputs":{"statusCode":200,"body":{"streetaddress":"@body('Parse_JSON')?['streetAddress']","city":"@body('Parse_JSON')?['city']","postalcode":"@body('Parse_JSON')?['postalCode']","status":"@{outputs('HTTP')['statusCode']}","employeeid":"@body('Parse_JSON')?['employeeId']","externaluserstate":"@body('Parse_JSON')?['externalUserState']","id":"@body('Parse_JSON')?['id']"},"schema":{"type":"object","properties":{"streetaddress":{"title":"streetAddress","type":"string","x-ms-dynamically-added":true},"city":{"title":"city","type":"string","x-ms-dynamically-added":true},"postalcode":{"title":"postalcode","type":"string","x-ms-dynamically-added":true},"status":{"title":"status","type":"string","x-ms-dynamically-added":true},"employeeid":{"title":"employeeId","type":"string","x-ms-dynamically-added":true},"externaluserstate":{"title":"externalUserState","type":"string","x-ms-dynamically-added":true},"id":{"title":"id","type":"string","x-ms-dynamically-added":true}}}}}},"outputs":{}},"connectionReferences":{},"flowFailureAlertSubscribed":false}}