{"name":"fbd9d95e-a37b-4d3d-a71e-d3ecde55ed90","id":"/providers/Microsoft.Flow/flows/fbd9d95e-a37b-4d3d-a71e-d3ecde55ed90","type":"Microsoft.Flow/flows","properties":{"apiId":"/providers/Microsoft.PowerApps/apis/shared_logicflows","displayName":"UpdateGuest","definition":{"metadata":{"workflowEntityId":null,"creator":{"id":"01e85e29-76e5-4d02-a3b0-7137f6328d59","type":"User","tenantId":"e7b91e5f-892b-43d4-a340-2f4afeda27ed"},"provisioningMethod":"FromDefinition","failureAlertSubscription":true,"clientLastModifiedTime":"2019-07-05T12:51:50.6804163Z"},"$schema":"https://schema.management.azure.com/providers/Microsoft.Logic/schemas/2016-06-01/workflowdefinition.json#","contentVersion":"1.0.0.0","parameters":{"$authentication":{"defaultValue":{},"type":"SecureObject"}},"triggers":{"manual":{"type":"Request","kind":"PowerApp","inputs":{"schema":{"type":"object","required":["HTTP_URI","HTTP_Body","HTTP_Body_1","HTTP_Body_2","HTTP_Body_3","HTTP_Body_4","HTTP_Body_5","HTTP_Body_6","HTTP_Body_7","HTTP_Body_8","HTTP_Body_9"],"properties":{"HTTP_URI":{"type":"string","format":"uri","description":"Enter request URL. This parameter is used as part of \"7E50CE9F-1990-4129-B32F-CC0AFC68695E\"","x-ms-powerflows-param-ispartial":true},"HTTP_Body":{"type":"any","description":"Enter request content. This parameter is used as part of \"F070CB9E-2713-4714-9D41-571FB6D9254E\"","x-ms-powerflows-param-ispartial":true},"HTTP_Body_1":{"type":"any"},"HTTP_Body_2":{"type":"any"},"HTTP_Body_3":{"type":"any"},"HTTP_Body_4":{"type":"any"},"HTTP_Body_5":{"type":"any"},"HTTP_Body_6":{"type":"any"},"HTTP_Body_7":{"type":"any"},"HTTP_Body_8":{"type":"any"},"HTTP_Body_9":{"type":"any"}}}}}},"actions":{"Initialize_Tenant":{"runAfter":{},"type":"InitializeVariable","inputs":{"variables":[{"name":"Tenant","type":"String","value":"e7b91e5f-892b-43d4-a340-2f4afeda27ed"}]}},"Initialize_ClientID":{"runAfter":{"Initialize_Tenant":["Succeeded"]},"type":"InitializeVariable","inputs":{"variables":[{"name":"ClientID","type":"String","value":"854240b2-97e5-48ab-b9ec-8a10b16f9a1e"}]}},"Initialize_Secret":{"runAfter":{"Initialize_ClientID":["Succeeded"]},"type":"InitializeVariable","inputs":{"variables":[{"name":"Secret","type":"String","value":"aaDRqKF44BYUFDpSJnXK7owO7Pqn9vhEMBbUXoJxh5o="}]}},"HTTP":{"runAfter":{"Initialize_Secret":["Succeeded"]},"type":"Http","inputs":{"method":"PATCH","uri":"https://graph.microsoft.com/beta/users/@{triggerBody()['HTTP_URI']}","body":{"accountEnabled":"@triggerBody()['HTTP_Body']","givenName":"@triggerBody()['HTTP_Body_1']","surname":"@triggerBody()['HTTP_Body_2']","displayName":"@triggerBody()['HTTP_Body_3']","officeLocation":"@triggerBody()['HTTP_Body_4']","mobilePhone":"@triggerBody()['HTTP_Body_5']","streetAddress":"@triggerBody()['HTTP_Body_6']","postalCode":"@triggerBody()['HTTP_Body_7']","city":"@triggerBody()['HTTP_Body_8']","employeeId":"@triggerBody()['HTTP_Body_9']"},"authentication":{"type":"ActiveDirectoryOAuth","authority":"https://login.microsoftonline.com","tenant":"@variables('Tenant')","audience":"https://graph.microsoft.com","clientId":"@variables('ClientID')","secret":"@variables('Secret')"}}},"Respond_to_PowerApps":{"runAfter":{"HTTP":["Succeeded"]},"type":"Response","kind":"PowerApp","inputs":{"statusCode":200,"body":{"retour":"@{outputs('HTTP')['statusCode']}"},"schema":{"type":"object","properties":{"retour":{"title":"retour","type":"string","x-ms-dynamically-added":true}}}}}},"outputs":{}},"connectionReferences":{},"flowFailureAlertSubscribed":false}}