{"schemaVersion":"1.0","appDefinitionTemplate":{"id":"/providers/Microsoft.PowerApps/apps/","type":"Microsoft.PowerApps/apps","tags":{"minimumRequiredApiVersion":"2.2.0"},"properties":{"appVersion":"2019-07-05T15:44:30Z","lifeCycleId":"Published","createdByClientVersion":{"major":3,"minor":19064,"build":11,"revision":0,"majorRevision":0,"minorRevision":0},"minClientVersion":{"major":3,"minor":19064,"build":11,"revision":0,"majorRevision":0,"minorRevision":0},"backgroundColor":"rgba(0, 176, 240, 1)","backgroundImageUri":"/3171208382106586948/N8e78cba5-c7f2-4ded-ae4d-0a530f78e668-logoSmallFile","displayName":"GestionInvites","description":"","appUris":{"documentUri":{"value":"/3171208382106586948/Nbc1d4d3e-b345-4cb6-91d6-aae9d3193fca-document.msapp","readonlyValue":"/3171208382106586948/Nbc1d4d3e-b345-4cb6-91d6-aae9d3193fca-document.msapp"},"imageUris":[]},"createdTime":"0001-01-01T00:00:00Z","lastModifiedTime":"0001-01-01T00:00:00Z","sharedGroupsCount":0,"sharedUsersCount":0,"icons":{"smallIconUri":"/3171208382106586948/N9de915e3-0de5-447a-8607-6a05d920f7af-small.png","mediumIconUri":"/3171208382106586948/N9337620b-81f6-45b8-977d-f336bd7cdc13-medium.png","largeIconUri":"/3171208382106586948/N1da4a181-567f-49de-9961-94b8796f1f1d-large.png","wideIconUri":"/3171208382106586948/N4f56fdaf-1b1d-4250-acb9-8a74789472a6-wide.png"},"connectionReferences":{"20921d0b-2dc0-44c9-86c8-290daf7fca43":{"id":"c9f95272-59d4-45ac-bae3-33e3079079fd","displayName":"Utilisateurs d'Office 365","iconUri":"https://cpgeneralstore.blob.core.windows.net/officialicons/office365users/icon_1.0.1208.1583.png","dataSources":["Utilisateursd'Office365"],"dependencies":[],"dependents":[],"parameterHints":{},"isOnPremiseConnection":false,"bypassConsent":false,"dataSets":{},"apiTier":"Standard","isCustomApiConnection":false},"92cf96b6-d90b-4c97-a67b-e36dd250784e":{"id":"82fe74d1-db05-4358-b397-cc46adf35af7","displayName":"Groupes Office 365","iconUri":"https://cpgeneralstore.blob.core.windows.net/officialicons/office365groups/icon_1.0.1215.1603.png","dataSources":["GroupesOffice365"],"dependencies":[],"dependents":[],"parameterHints":{},"isOnPremiseConnection":false,"bypassConsent":false,"dataSets":{},"apiTier":"Standard","isCustomApiConnection":false},"930f5eca-9ec9-4acd-bdc0-276231ba9391":{"id":"627a0fcf-06e0-4ca7-8412-80bd9a3d22ff","displayName":"SharePoint","iconUri":"https://cpgeneralstore.blob.core.windows.net/officialicons/sharepointonline/icon_1.0.1213.1596.png","dataSources":["SuiviAdherents"],"dependencies":[],"dependents":[],"parameterHints":{},"isOnPremiseConnection":false,"bypassConsent":false,"dataSets":{"https://maisondescadres.sharepoint.com/sites/00OutilsInformatique":{"dataSources":{"SuiviAdherents":{"tableName":"3c217090-5f04-4288-898c-2f49fcf1a958"}}}},"apiTier":"Standard","isCustomApiConnection":false},"46d2b8d1-00c9-4383-b47f-041a7fb49da8":{"id":"bc3e3f1f-3f78-4dd7-ac5d-0f3ecaec2602","displayName":"Logic flows","iconUri":"https://resourcestackdeploy.blob.core.windows.net/scripts/13276078.png","dataSources":["ReadGuest"],"dependencies":[],"dependents":[],"parameterHints":{"workflowName":{"value":"58f21e27-367b-47f8-b63b-ba1ac40ab5a4"}},"isOnPremiseConnection":false,"bypassConsent":false,"dataSets":{},"apiTier":"Standard","isCustomApiConnection":false},"5db7a867-210b-43ca-b242-5c35fd0bfa34":{"id":"bc3e3f1f-3f78-4dd7-ac5d-0f3ecaec2602","displayName":"Logic flows","iconUri":"https://resourcestackdeploy.blob.core.windows.net/scripts/13276078.png","dataSources":["ReadGuests"],"dependencies":[],"dependents":[],"parameterHints":{"workflowName":{"value":"612222a7-df5a-4f9c-9eed-f4fe27d0c00f"}},"isOnPremiseConnection":false,"bypassConsent":false,"dataSets":{},"apiTier":"Standard","isCustomApiConnection":false},"9596f2ef-a750-44f7-afc3-bc2377022d6e":{"id":"bc3e3f1f-3f78-4dd7-ac5d-0f3ecaec2602","displayName":"Logic flows","iconUri":"https://resourcestackdeploy.blob.core.windows.net/scripts/13276078.png","dataSources":["ReadGroups"],"dependencies":[],"dependents":[],"parameterHints":{"workflowName":{"value":"6eb36205-86fd-4ce6-a8f0-460fd8b0f27c"}},"isOnPremiseConnection":false,"bypassConsent":false,"dataSets":{},"apiTier":"Standard","isCustomApiConnection":false},"e16886b7-4654-469b-9094-947326299d97":{"id":"bc3e3f1f-3f78-4dd7-ac5d-0f3ecaec2602","displayName":"Logic flows","iconUri":"https://resourcestackdeploy.blob.core.windows.net/scripts/13276078.png","dataSources":["ReadGroup"],"dependencies":[],"dependents":[],"parameterHints":{"workflowName":{"value":"3f746095-f66e-4a8b-9e53-4f123d024e79"}},"isOnPremiseConnection":false,"bypassConsent":false,"dataSets":{},"apiTier":"Standard","isCustomApiConnection":false},"46599c89-b4aa-4f61-a0ad-93280bf81991":{"id":"bc3e3f1f-3f78-4dd7-ac5d-0f3ecaec2602","displayName":"Logic flows","iconUri":"https://resourcestackdeploy.blob.core.windows.net/scripts/13276078.png","dataSources":["UpdateGuest"],"dependencies":[],"dependents":[],"parameterHints":{"workflowName":{"value":"3acabc43-0bd0-4e16-a494-ed72cffcb146"}},"isOnPremiseConnection":false,"bypassConsent":false,"dataSets":{},"apiTier":"Standard","isCustomApiConnection":false},"f617c07a-700e-4d45-a714-7dd82ab45531":{"id":"bc3e3f1f-3f78-4dd7-ac5d-0f3ecaec2602","displayName":"Logic flows","iconUri":"https://resourcestackdeploy.blob.core.windows.net/scripts/13276078.png","dataSources":["UpdateTeams"],"dependencies":[],"dependents":[],"parameterHints":{"workflowName":{"value":"e20576ce-89dd-40c3-877a-69b5cd06a5e0"}},"isOnPremiseConnection":false,"bypassConsent":false,"dataSets":{},"apiTier":"Standard","isCustomApiConnection":false}},"almMode":"Environment"}}}