{"name":"de8373a4-ac94-483c-ae11-94043d412b4e","id":"/providers/Microsoft.Flow/flows/de8373a4-ac94-483c-ae11-94043d412b4e","type":"Microsoft.Flow/flows","properties":{"apiId":"/providers/Microsoft.PowerApps/apis/shared_logicflows","displayName":"UpdateTeams","definition":{"metadata":{"workflowEntityId":null,"creator":{"id":"01e85e29-76e5-4d02-a3b0-7137f6328d59","type":"User","tenantId":"e7b91e5f-892b-43d4-a340-2f4afeda27ed"},"provisioningMethod":"FromDefinition","failureAlertSubscription":true,"clientLastModifiedTime":"2019-07-05T15:16:48.6575253Z"},"$schema":"https://schema.management.azure.com/providers/Microsoft.Logic/schemas/2016-06-01/workflowdefinition.json#","contentVersion":"1.0.0.0","parameters":{"$authentication":{"defaultValue":{},"type":"SecureObject"}},"triggers":{"manual":{"type":"Request","kind":"PowerApp","inputs":{"schema":{"type":"object","required":["HTTP_URI","InitializeOData_Value","HTTP_Method"],"properties":{"HTTP_URI":{"type":"string","format":"uri","description":"Enter request URL. This parameter is used as part of \"61B55D6A-7062-4E90-B3DA-44D6C220883E\"","x-ms-powerflows-param-ispartial":true},"InitializeOData_Value":{"type":"string","description":"Enter initial value. This parameter is used as part of \"3CE8469C-FC60-499D-9A8E-BEF5592F0FC8\"","x-ms-powerflows-param-ispartial":true},"HTTP_Method":{"type":"string","x-ms-powerflows-param-ispartial":false}}}}}},"actions":{"Initialize_Tenant":{"runAfter":{},"type":"InitializeVariable","inputs":{"variables":[{"name":"Tenant","type":"String","value":"e7b91e5f-892b-43d4-a340-2f4afeda27ed"}]}},"Initialize_ClientID":{"runAfter":{"Initialize_Tenant":["Succeeded"]},"type":"InitializeVariable","inputs":{"variables":[{"name":"ClientID","type":"String","value":"854240b2-97e5-48ab-b9ec-8a10b16f9a1e"}]}},"Initialize_Secret":{"runAfter":{"Initialize_ClientID":["Succeeded"]},"type":"InitializeVariable","inputs":{"variables":[{"name":"Secret","type":"String","value":"aaDRqKF44BYUFDpSJnXK7owO7Pqn9vhEMBbUXoJxh5o="}]}},"Initialize_OData":{"runAfter":{"Initialize_Secret":["Succeeded"]},"type":"InitializeVariable","inputs":{"variables":[{"name":"OData","type":"String","value":"{\n  \"@odata.id\": \"https://graph.microsoft.com/beta/directoryObjects/@{triggerBody()['InitializeOData_Value']}\"\n}"}]}},"Condition":{"actions":{"HTTP":{"runAfter":{},"type":"Http","inputs":{"method":"POST","uri":"https://graph.microsoft.com/beta/groups/@{triggerBody()['HTTP_URI']}/members/$ref","headers":{"Content-type":"application/json"},"body":"@variables('OData')","authentication":{"type":"ActiveDirectoryOAuth","authority":"https://login.microsoftonline.com","tenant":"@variables('Tenant')","audience":"https://graph.microsoft.com","clientId":"@variables('ClientID')","secret":"@variables('Secret')"}}},"Set_variable":{"runAfter":{"HTTP":["Succeeded"]},"type":"SetVariable","inputs":{"name":"retour","value":"@{outputs('HTTP')['statusCode']}"}}},"runAfter":{"Initialize_retour":["Succeeded"]},"else":{"actions":{"HTTP_2":{"runAfter":{},"type":"Http","inputs":{"method":"DELETE","uri":"https://graph.microsoft.com/beta/groups/@{triggerBody()['HTTP_URI']}/members/@{triggerBody()['InitializeOData_Value']}/$ref","authentication":{"type":"ActiveDirectoryOAuth","authority":"https://login.microsoftonline.com","tenant":"@variables('Tenant')","audience":"https://graph.microsoft.com","clientId":"@variables('ClientID')","secret":"@variables('Secret')"}}},"Set_variable_2":{"runAfter":{"HTTP_2":["Succeeded"]},"type":"SetVariable","inputs":{"name":"retour","value":"@{outputs('HTTP_2')['statusCode']}"}}}},"expression":{"equals":["@triggerBody()['HTTP_Method']","POST"]},"type":"If"},"Initialize_retour":{"runAfter":{"Initialize_OData":["Succeeded"]},"type":"InitializeVariable","inputs":{"variables":[{"name":"retour","type":"String"}]}},"Respond_to_PowerApps_3":{"runAfter":{"Condition":["Succeeded"]},"type":"Response","kind":"PowerApp","inputs":{"statusCode":200,"body":{"retour":"@variables('retour')"},"schema":{"type":"object","properties":{"retour":{"title":"retour","type":"string","x-ms-dynamically-added":true}}}}}},"outputs":{}},"connectionReferences":{},"flowFailureAlertSubscribed":false}}